Geodetic_Cluster,Mean_Distance,Median_Distance,STD_Dist,Mode_Dist,Cluster_Radius_Km,Pre_Density_in_Km,Pre_Density_in_Degree,Post_Density_in_Km
POI1,294.3940862903729,277.5744260892039,284.39950670928886,480.7344500350864,1684.7575842359674,0.0009805854300841861,4.50650420055379,0.004685620646963905
POI3,451.6511492015136,504.9393764476256,223.61903800837908,507.1749434252697,1474.5809620285695,0.0012885291457486376,7.635731912102586,0.006267881996074933
POI4,242.9136013544118,157.03098178359076,228.88809810081696,157.03098178359076,855.2562887218618,0.00017754879857792325,1.1090876617314367,0.0004232989668413255
